title,score,id,url,description,comments
Samsung finally brings seamless updates to Galaxy smartphones! - SamMobile,316,1bkbzsg,https://www.sammobile.com/news/samsung-finally-brings-seamless-updates-to-galaxy-smartphones/,,"[""This is huge but the article doesn't give very much information.\n\n&#x200B;\n\nit will be interesting to see if it's relegated to mid tier or if S24 and beyond get it too, I haven't seen it in any S24 updates yet."", 'Huh, I thought this was mandated by Google years ago for any phones using a certain version of Android moving forward?', 'I guess this has to do with Google preparing to removing non A/B update process in future version of Android. Anyways Samsung is finally on board.   \n[https://android-review.googlesource.com/c/platform/build/+/2962541](https://android-review.googlesource.com/c/platform/build/+/2962541)', ""So crazy Samsung never did this. Maybe they avoided it at first to save storage space? But Google showed that it only marginally increased the size of the installed operating system files. Due to modularization, having two partitions doesn't mean two fully installed operating systems."", ""Is there any way to know if my phone supports these seamless updates? I don't see any any update loading/installing after restarting the phone (I'm taking about the Android Robot having a cube moving around that my old phone used to show after restarting the device for an update).\nEdit: After doing some research about what exactly seamless updates are I can confirm that the Xperia 1 V does support them. For more info look at my later comments in this comment chain."", 'Probably start with s25 series.', 'This is overdue. Good to see them finally catch up.', ""Might be a dumb question but even after reading the article I still don't know what this means.\n\nDoes this imply that samsung devices will finally be getting updates day one like with pixel and Apple? Or will we still need to rely on carriers and other factors to know when we're getting software updates?"", 'Great to hear this is finally available!', 'check out this amaing review for the GALAXY S24 https://youtu.be/aw52wYtMZ4M?si=LethFDKa\\_ESb1WaB', ""Updates that don't break stuff would be welcome"", 'What happens if I dont boot thee phone long time?', ""Switching main partitions?  Sounds like a waste of space and a maintenance nightmare to me.  If something's rooted then would you have to root both partitions?  Is there yet another partition on top of that which contains applications and everything else, which sounds convoluted?  Is the entire OS in both partitions which sounds like it'd make the update take forever rather than just patching what needs to be patched?\n\nI don't get why you can't just patch a damn OS like everyone else.  Certainly there's enough failsafes in place to avoid having to roll back to previous because of some update error."", ""I haven't restarted my phone in two years. What's the point?""]"
Android 15 DP2 adds a swipe up feature on the Google Pixel Fold for transitioning apps seamlessly between screens,47,1bkgtnt,https://www.androidpolice.com/pixel-fold-swipe-up-to-continue/,,"[""It's crazy that this wasn't included on release or even introduced in 14, it seems like such an obvious feature to have"", ""Basically every single time I see a feature update for stock android I'm amazed at how far behind OneUI it is."", 'Those thick bezels stopped me from buying it\xa0']"
Here is the first look at the working Gemini AI in Google Messages,38,1bkelrc,https://thespandroid.blogspot.com/2024/03/First--Look-Google-Messages-Working-Gemini.html,,"['>I was able to add Gemini in Group conversations but it breaks encryption\n\nHah. If you are sending your group texts to Google servers, how could it be E2EE?\n\nMaybe this feature could be extended to Gemini Nano locally, but that is far less capable and currently only runs on a tiny subset of devices.', '>Basically, it includes almost everything a normal user need, and it is very clever thing done by Google, integrating in Google Messages which might reduce the need to keep Google app installed on my phone because it slows it down. The other thing is that Gemini integration will also give a boost to RCS because more people will use Google Messages.\n\nIs this blog written by Gemini?\n\n>will also give a boost to RCS because more people will use Google Messages.\n\nIt\'s already the default on Android. Who do you imagine is going to seek out Google Messages because of their half-baked AI being shoved in?\n\n>The Gemini integration in Google Messages uses RCS but it is not end to end encrypted which is understandable because Google might want some logging data from interactions to Gemini.\n\nAh yes, perfectly ""understandable"".', 'Allo? Allo?', 'Why is this in Google messages. I do not need this in Google messages', ""Gemini is kinda garbage though. I have a buddy that lives in Vietnam and I wanted to see what time it was there since I couldn't remember if it was an 11 or 12 hour difference after daylight savings. I asked what time it was, and it began by giving me the (incorrect) time in PST even though I am in EST. It then proceeded me to give me a Vietnamese time that was some 15 hours obviously wrong. I told her it was wrong, and it tried again with an even more wrong set of times""]"
Mishaal Rahman: Here's what's new in Android 15 Developer Preview 2 ðŸ§µ,33,1bkeiah,https://twitter.com/MishaalRahman/status/1770884270396944743,,"[""Here's his Mastodon account for those that don't have a Twitter. https://androiddev.social/@MishaalRahman""]"
Android 15 could fix USB webcam video quality by adding a dedicated High Quality Mode,30,1bkegx5,https://www.androidauthority.com/android-webcam-high-quality-mode-3427591/,,"[""Will this come to non-pixel phones? It'd be super useful.""]"
Motorola Moto G34 5G smartphone review â€“ The phone for money-savers who don't want to do without,129,1bk0zhm,https://www.notebookcheck.net/Motorola-Moto-G34-5G-smartphone-review-The-phone-for-money-savers-who-don-t-want-to-do-without.814999.0.html,,"['Hmmm \n\n\\> 720p\n\n\\> 120hz\n\nBut\n\n\\> 4gb ram\n\nBruh the os itself (w/o GMS) consumes Â± 2gb ram iirc. US$200 for *a burner* phone kinda a bit pricey. well sd695 is okay-ish soc tho.', 'Unless the strategy is different in different countries, that price is just a suggestion. I bought it here in India at \\~$145 while price listed is \\~$180 for the 8GB version. Coming from Moto X4, only thing worse is the 720p screen.', ""Terrible specs. 720p screen and 4GB Ram when it's barely $30 less than 1080 or 1440p screens with 8GB ram moto devices."", ""If Motorola even thinks of bringing this phone to South East Asia, they'd be the butt of all memes and get bullied non-stop."", ""I don't think I could live with such little ram"", ""People commenting about the price are insane. \n\nThis will be discounted for half price within weeks. Launch price means nothing, it'll be discounted. Then it'll not be a cheap phone, it'll be a great deal."", 'Too expensive for those measly specs.', ""I get that it's a budget phone but 4GB of RAM in 2024 is kind of crazy. The amount of things we do on smartphones these days require way more than that. This phone will be a multitasking nightmare."", ""literally don't buy any Motorola phone MSRP. This thing might as well be free on some carriers(w/ atleast 6 mo. contract) or 100$ on some carriers without contract"", 'A phone sized 720p LCD screen is not nearly as bad as people make it out to be', ""It'll soon be a budget buy"", 'Just bought the G54, better spec and almost the same price (â‚¬190).', 'Selling in my country for $120. Good enough for that price imo even given the 720p display', ""I think Chinese phones, like Blu G93 ($149) or OnePlus Nord N30 5G ($249), are the budget phones to beat right now.\xa0 As long as you don't mind spyware and limited software updates.""]"
The Second Developer Preview of Android 15,8,1bkejso,https://android-developers.googleblog.com/2024/03/the-second-developer-preview-of-android-15.html,,[]
"Epic Games Store: Weâ€™re coming to iOS and Android! Same fair terms, available to all developers, on a true multi-platform store â€“ with amazing games for everyone.",664,1bjk1xb,https://twitter.com/EpicGames/status/1770500825166545305,,"['I thought it was already on Android?', ""If anyone wonders why Google lowered the commission on apps from 30% to 15%, it wasn't out of the goodness of their heart. They knew this was coming and didn't want to be undercut by alternative app stores taking a small percentage."", ""I'm expecting a flood of stores to be on the horizon. Need a store with an indicator for gamepad support, crowd sourced features like Steam Input controller mappings, user reviews that have a recent reviews aggregate score along with a lifetime average, and something like Steam curators so the community can help deal with the inevitable glut of shovelware"", ""So amazon's app store that you could download from their website for years or years ago never existed?"", 'mobile steam with windows emulator would  be sick', ""That's lovely. Now could you put some effort into it and make it a bit more, oh I don't know, Steam-like?\n\nI'm just talking about simple basic stuff like usability, understandable interface, removing the virus-like windows services etc?"", 'I really hope this becomes a place for Android games that take the platform seriously. Would be excellent to have a storefront dedicated to premium experiences.', 'If this allows me to buy an app on epic and then have it on both Android and iOS then that is a win.', 'Someone tell [Tim Sweeny Android is a flavour of Linux](https://twitter.com/timsweeneyepic/status/964284402741149698?lang=en).', ""If Epic curate their store more than Play Store so that there are no gambling games & fewer P2W games, then I fully support it. I predict that won't be the case though."", 'Please let this be the turning point for high quality pc and console ports on Android', 'Hope Valve has something cooking. Box64/FEX my Steam library while the slow process of native Android ports happen', ""Can't see how this can be a bad thing, but people really seem to have a hateboner for epic"", 'After my Epic account was hacked and Epic refuse to return it to me, I have absolutely no interest in Epic or anything Epic related unfortunately.\n\nIâ€™m not creating a new Epic account since mine was stolen and wonâ€™t be returned to me.', 'Wake me up when we have steam and proton on phones ðŸ’¤ðŸ˜´', ""Great! I will continue to NOT use Epic store on my phone just like I don't on PC!"", ""I'm normally against Epic but this is a great thing they're doing.\xa0\n\n\nAlso lol, they beat Microsoft to the punch."", 'Same sucky store experience.', ""Still haven't implemented gifting on PC but sure, go ahead and try to get people on a different platform"", 'Oh great, I was SO looking forward for this garbage platform to come to mobile... yay', 'Will be interesting to see who partners with them.', 'Does this mean fortnite is coming back', 'I want the iOS and Android to be more open but I also want Epic and Tim Sweeney not to be able to benefit from it. Sweeney is insufferable and itâ€™s always good when he loses.', ""I'm sure the discussion about this will be fine here on reddit"", 'Tim Cook must be seething with rage\xa0', 'This could be what moves me to use Epic Games...\n\nNahhhh, sorry Tim.\n\nI trust Valve too much.', 'And they can continue to fuck off and never be used on any of my hardware!', 'Same low quality and anti gamer attitude, as their PC store, I guess?', 'Are they charging to developers for publishing apps? I hope is free for the good of the developer community.', 'Microtransactions and brainless idle clickers heaven  â™¥ï¸', 'will this move the needle at all for Android gaming?', ""I can only hope Steam follows suit. Imagine having the entirety of the Steam Workshop accessible on your mobile device. I'm working on a game that needs cross-platform modding support, and Mod io isn't the way I want to go."", 'This is actually pretty interesting- one of the first cross platform (minus consoles) stores. Only thing that comes close to provide both mobile and PC games is Google Play store, which has only recently been trying to push to PC games (not WSL), or apples store if you want to stay with their ecosystem...\n\nSource: am at GDC', 'What about the Steam Deck?', 'Is the library cross platform?', ""Ok, does this mean you'll be able to buy a game once and own both the PC and mobile versions? \n\nFor once, this might actually make me interested in using EGS."", ""Hope EGS comes to PC next, it's been a slog dealing with that terribly optimized web-browser cosplaying as a desktop app they call Epic Games Launcher"", 'I would, but Tim Sweeney. Dude is annoying af.', ""Can't be worse than the Google Play store for games. Ultimately a really hopeful thing for premium Android gaming as long as they don't just let everything in like the Google Play store. I do have a dislike of Epic entirely based around Epic Games Store exclusives on PC and over a decade now of Tim complaining about Steam, Linux, Windows but not willing to invest into Linux as a platform like Valve, Tim talking about how EGS is FREEDOM/LIBERTY!!!, ... a lot of Tim trying to make excuses on why EGS should succeed even when it's worse\n\nRegardless, Google Play for games is such a piece of crap that EGS doesn't have a great deal to compete with when it comes to game launcher/social media/store features. It'd be much more enticing if they do a buy on one of Android or PC, purchase covers each platform. EGS and Tim even longer has left such a bad taste in my mouth I'd drop EGS for another store in an instant. Valve should have been doing an Android store years ago"", ""Can't wait to install every store for every app. You want download WhatsApp and Instagram? Download Meta Store first which download Facebook automatically. You want copilot? Why don't you install Microsoft Store and watch the office ads."", 'God I hate Epic', '[deleted]', 'I imagine their player base is aging out of fortnight so they are about to need some new income streams.', 'ðŸ¥±â€¦\n\nAppleâ€™s ecosystem = App Store.\n\nDonâ€™t even try. Itâ€™d be a waste of money.', 'Great! More EGS exclusives /s']"
Moto G Power 5G (2024) Review: A $300 Motorola Gem With Enhanced Upgrades,10,1bkadmy,https://www.cnet.com/tech/mobile/moto-g-power-5g-2024-review-a-300-motorola-gem-with-enhanced-upgrades/,,"[""I question this review because of the first paragraph. He says he's been reviewing Moto G devices for years and this is the first time he's been able to use tap to pay on a Moto G phone. But I am typing this reply in my 2022 Moto G Stylus and it's got tap to pay and has the entire time I've had it. And I got it for under $300, so it even fits in the price range he is talking about \n\nI love my Moto G phone, but Motorola is hard to recommend. They will make a great phone that I want to recommend, but then hamstring it the next year so you have to be very specific about which year. The Moto G power from 2020 was great, the 2021 model shrunk the battery and lowered screen resolution, all for the same price. And they do it all the time. Make a great phone and then ruin it the next year by cheapening out."", ""Unfortunately this seems to have a slower GPU than my 2022 Stylus 5g, which is the only component I feel needs an upgrade. I hope there is a Moto device this year with a fast gpu and headphone jack, but I'm not optimistic..."", ""It's probably good to mention that these $300 price points are rarely what people actually pay. These phones are almost always bundled with a prepaid plan. Like MetroPCS won't give you some of the newer Motorola phones for 20 bucks so long as you pay for at least one month of their service at 60 bucks or something.""]"
"Sony Xperia 1 VI, Xperia 5 VI and Xperia 10 VI all rumoured to gain improved software support over predecessors",131,1bju69h,https://www.notebookcheck.net/Sony-Xperia-1-VI-Xperia-5-VI-and-Xperia-10-VI-all-rumoured-to-gain-improved-software-support-over-predecessors.815246.0.html,,"['We did it guys, we convinced OEMs that software updates are a feature we want. It only took... 15 years?', 'The same user also shared additional information:\n\n>I can confirm that there will be no 4K and 21:9 aspect ratio every products in the first half of 2024. Atleast there is no punch hole Xperia 5 lineage is gone. They are focusing more on AI and ""midrange"" consumer type. If you want flagship best of industry specs then run away while you can because its gonna hurts a lot \n\n>Let me rephrase the word choice here because i got some flaks about it. Sony is focusing more on AI and ""mainstream"" consumer segment. About the drop of 4K&21:9, they said its for costs reason, as the old ones are custom-ordered only for Sony. By reducing the display size, they can use common off the self panels (like the Chinese), therefore cheaper, have better specs. \n\n>I think thats PDX-246 [in reference to Xperia 5 VI case leaks]. Misreported as ""5VI"". Who knows, maybe im wrong. Take things with tons of salt ofc \n\n>AI in several areas, especially camera Auto mode they said will not sucks anymore \n\n>5+ years of software updates', ""I've been wanting to own an Xperia for years now, but there's always something (and many times more than just one thing) that makes me look somewhere else."", 'They better.', ""I'd be down for Xperia getting 5-7 years of security updates and only have 2-3 years of OS updates. OS updates aren't crucial, but security updates are, in order to ensure the phone is usable."", ""Rumored ðŸ™ƒ\n\nLast time it's rumoured that 1ii will have 13 and 1iii will have 14 ðŸ™ƒ"", 'When I see it, I assure you.', 'Now update your phones in due time and include the features android has when you update android, Sony.', ""Extended software support would probably convince me to give Sony another go for my next phone, which at this point I have written them off. Sony's hardware choices/design is exactly what I would want from a phone, but dropping support on my Xperia 5 II after just 2 years is unacceptable and I thought I would have to sacrifice on hardware in order to receive extended software support on my next phone."", ""Well, they couldn't have gotten less support anyway..."", 'I remember a time Sony was actually good at software support back in the day. My Xperia Z3 was even going to be updated to Nougat until Qualcomm got in the way.\n\nWould have been 4.4 -> 7 on a 2014 phone.', 'I hope this supports all the bands on Verizon. Could be my long awaited upgrade from my S10+.\xa0\n\n\nCommitment to updates, and perhaps a midrange price would definitely have my interest. Have wanted a Sony since the Z2 era.', 'I think the biggest problem besides cost and availability is very poor image quality for a phone that is supposedly marketed towards ""photographers"".\n\n\nThey need to use 1"" sensors with lenses that have a imagining circle large enough to cover it.', 'This feels like a pretty weightless rumor. People have complained about software support on Xperias, the Xperia line is coming up its 6th gen. Easy article.', 'Is it just me or are smartphones in general now pretty at the bleeding edge of performance that a smartphone more than 3 years old is still considered capable of decent performance all around and the idea of giving much older devices extra years of software support much more feasible as a result? Thatâ€™s kinda the sense I get when reading about Google Samsung and now Sony all considering commitments to 5-7 years of software updates. Smartphones are already up there performance wise. The only thing that should shake things up is inclusion of AI features.', 'I light actually give Sony another try if this is true. Last I tried was the Xperia Z5 but I returned it because I really hated their skin.', ""now it's just Asus left who gives less than 3 years of software updates!!!!!"", 'updates aside it the software good in the first place ?', '> Specifically, Sony is said to be adopting five years of software updates. Unfortunately, it remains to be seen whether this is five years of OS upgrades or five years of security patch updates  \n\n2 years of os updates and 5 years of security updates incoming', ""I've always wanted to try a sony phone. Too bad they are always so expensive."", ""I mean, we've already had Project Treble for over 5 years. At this point, they should be getting with the program and streamlining their OS updates so that they can offer at least 5 years of support (but Samsung is still king)."", 'Gawd damnit. Just bought a new phone haha. Ah well.', 'How did they make the naming scheme even worse']"
